{
  "class": "Dmp",
  "_tau": 1.43,
  "_dim_y": 2,
  "_dim_x": 8,
  "_x_init": [
    0.001018,
    0.079681,
    0.0,
    0.0,
    0.0,
    0.0,
    0.0,
    0.0
  ],
  "_y_attr": [
    0.00109,
    0.079642
  ],
  "_function_approximators": [
    {
      "class": "FunctionApproximatorRBFN",
      "_meta_params": {
        "n_basis_functions_per_dim": [
          10
        ],
        "intersection_height": 0.7,
        "regularization": 0.0
      },
      "_model_params": {
        "centers": [
          [
            0.0
          ],
          [
            0.1111111111111111
          ],
          [
            0.2222222222222222
          ],
          [
            0.3333333333333333
          ],
          [
            0.4444444444444444
          ],
          [
            0.5555555555555556
          ],
          [
            0.6666666666666666
          ],
          [
            0.7777777777777777
          ],
          [
            0.8888888888888888
          ],
          [
            1.0
          ]
        ],
        "widths": [
          [
            0.06577732324421982
          ],
          [
            0.06577732324421982
          ],
          [
            0.06577732324421982
          ],
          [
            0.06577732324421982
          ],
          [
            0.06577732324421985
          ],
          [
            0.06577732324421978
          ],
          [
            0.06577732324421978
          ],
          [
            0.06577732324421985
          ],
          [
            0.06577732324421985
          ],
          [
            0.06577732324421985
          ]
        ],
        "weights": [
          [
            1.323098900077167
          ],
          [
            71.02519624531791
          ],
          [
            60.813199649954996
          ],
          [
            -126.18963964219861
          ],
          [
            -54.57276593422234
          ],
          [
            51.60517823131023
          ],
          [
            6.721854942418245
          ],
          [
            -13.44158201404589
          ],
          [
            7.341935139557515
          ],
          [
            -5.1753363082127315
          ]
        ]
      },
      "_dim_input": 1,
      "_selected_param_names": null
    },
    {
      "class": "FunctionApproximatorRBFN",
      "_meta_params": {
        "n_basis_functions_per_dim": [
          10
        ],
        "intersection_height": 0.7,
        "regularization": 0.0
      },
      "_model_params": {
        "centers": [
          [
            0.0
          ],
          [
            0.1111111111111111
          ],
          [
            0.2222222222222222
          ],
          [
            0.3333333333333333
          ],
          [
            0.4444444444444444
          ],
          [
            0.5555555555555556
          ],
          [
            0.6666666666666666
          ],
          [
            0.7777777777777777
          ],
          [
            0.8888888888888888
          ],
          [
            1.0
          ]
        ],
        "widths": [
          [
            0.06577732324421982
          ],
          [
            0.06577732324421982
          ],
          [
            0.06577732324421982
          ],
          [
            0.06577732324421982
          ],
          [
            0.06577732324421985
          ],
          [
            0.06577732324421978
          ],
          [
            0.06577732324421978
          ],
          [
            0.06577732324421985
          ],
          [
            0.06577732324421985
          ],
          [
            0.06577732324421985
          ]
        ],
        "weights": [
          [
            -1.0159681661546431
          ],
          [
            -58.20701792075119
          ],
          [
            -129.07067473093736
          ],
          [
            40.80451506740875
          ],
          [
            91.7268916132898
          ],
          [
            -35.87524499958602
          ],
          [
            -12.572371193386468
          ],
          [
            12.879811931101173
          ],
          [
            -6.752260963755629
          ],
          [
            4.583888357741177
          ]
        ]
      },
      "_dim_input": 1,
      "_selected_param_names": null
    }
  ],
  "_forcing_term_scaling": "AMPLITUDE_SCALING",
  "_scaling_amplitudes": [
    0.277567,
    0.27823
  ],
  "_spring_system": {
    "class": "SpringDamperSystem",
    "_tau": 1.43,
    "_dim_y": 2,
    "_dim_x": 4,
    "_x_init": [
      0.001018,
      0.079681,
      0.0,
      0.0
    ],
    "_y_attr": [
      0.0010899999779750108,
      0.07964200001193021
    ],
    "damping_coefficient": 20.0,
    "mass": 1.0,
    "spring_constant": 100.0
  },
  "_phase_system": {
    "class": "TimeSystem",
    "_count_down": false,
    "_tau": 1.43,
    "_dim_y": 1,
    "_dim_x": 1,
    "_x_init": [
      0.0
    ]
  },
  "_gating_system": {
    "class": "SigmoidSystem",
    "_tau": 1.43,
    "_dim_y": 1,
    "_dim_x": 1,
    "_x_init": [
      1.0
    ],
    "_max_rate": -15,
    "_inflection_ratio": 0.85,
    "_Ks_cached": [
      1.0000000120705166
    ]
  },
  "_goal_system": {
    "class": "ExponentialSystem",
    "_tau": 1.43,
    "_dim_y": 2,
    "_dim_x": 2,
    "_x_init": [
      0.001018,
      0.079681
    ],
    "_x_attr": [
      0.00109,
      0.079642
    ],
    "alpha": 15
  },