{
  "class": "FunctionApproximatorLWR",
  "_meta_params": {
    "n_basis_functions_per_dim": [
      9
    ],
    "intersection_height": 0.2,
    "regularization": 0.0
  },
  "_model_params": {
    "centers": [
      [
        0.0
      ],
      [
        0.25
      ],
      [
        0.5
      ],
      [
        0.75
      ],
      [
        1.0
      ],
      [
        1.25
      ],
      [
        1.5
      ],
      [
        1.75
      ],
      [
        2.0
      ]
    ],
    "widths": [
      [
        0.06967193966186795
      ],
      [
        0.06967193966186795
      ],
      [
        0.06967193966186795
      ],
      [
        0.06967193966186795
      ],
      [
        0.06967193966186795
      ],
      [
        0.06967193966186795
      ],
      [
        0.06967193966186795
      ],
      [
        0.06967193966186795
      ],
      [
        0.06967193966186795
      ]
    ],
    "offsets": [
      [
        -0.006850467914158147
      ],
      [
        -0.18379545306323508
      ],
      [
        -0.2546423764023241
      ],
      [
        0.8748902529726962
      ],
      [
        3.734218834947943
      ],
      [
        5.100112066404736
      ],
      [
        -0.26642382590042507
      ],
      [
        -5.8340241051384245
      ],
      [
        -1.074415475520393
      ]
    ],
    "slopes": [
      [
        0.6759085533612273
      ],
      [
        1.9601663371724378
      ],
      [
        2.2367317659945756
      ],
      [
        0.4896158971282737
      ],
      [
        -2.771894747444344
      ],
      [
        -4.055915531957755
      ],
      [
        -0.20918215120997088
      ],
      [
        3.284313199054068
      ],
      [
        0.7468036096895871
      ]
    ]
  },
  "_dim_input": 1,
  "_selected_param_names": null
}