{
  "class": "FunctionApproximatorLWR",
  "_meta_params": {
    "n_basis_functions_per_dim": [
      5,
      5
    ],
    "intersection_height": 0.2,
    "regularization": 0.0
  },
  "_model_params": {
    "centers": [
      [
        -2.0,
        -2.0
      ],
      [
        -2.0,
        -1.0
      ],
      [
        -2.0,
        0.0
      ],
      [
        -2.0,
        1.0
      ],
      [
        -2.0,
        2.0
      ],
      [
        -1.0,
        -2.0
      ],
      [
        -1.0,
        -1.0
      ],
      [
        -1.0,
        0.0
      ],
      [
        -1.0,
        1.0
      ],
      [
        -1.0,
        2.0
      ],
      [
        0.0,
        -2.0
      ],
      [
        0.0,
        -1.0
      ],
      [
        0.0,
        0.0
      ],
      [
        0.0,
        1.0
      ],
      [
        0.0,
        2.0
      ],
      [
        1.0,
        -2.0
      ],
      [
        1.0,
        -1.0
      ],
      [
        1.0,
        0.0
      ],
      [
        1.0,
        1.0
      ],
      [
        1.0,
        2.0
      ],
      [
        2.0,
        -2.0
      ],
      [
        2.0,
        -1.0
      ],
      [
        2.0,
        0.0
      ],
      [
        2.0,
        1.0
      ],
      [
        2.0,
        2.0
      ]
    ],
    "widths": [
      [
        0.2786877586474718,
        0.2786877586474718
      ],
      [
        0.2786877586474718,
        0.2786877586474718
      ],
      [
        0.2786877586474718,
        0.2786877586474718
      ],
      [
        0.2786877586474718,
        0.2786877586474718
      ],
      [
        0.2786877586474718,
        0.2786877586474718
      ],
      [
        0.2786877586474718,
        0.2786877586474718
      ],
      [
        0.2786877586474718,
        0.2786877586474718
      ],
      [
        0.2786877586474718,
        0.2786877586474718
      ],
      [
        0.2786877586474718,
        0.2786877586474718
      ],
      [
        0.2786877586474718,
        0.2786877586474718
      ],
      [
        0.2786877586474718,
        0.2786877586474718
      ],
      [
        0.2786877586474718,
        0.2786877586474718
      ],
      [
        0.2786877586474718,
        0.2786877586474718
      ],
      [
        0.2786877586474718,
        0.2786877586474718
      ],
      [
        0.2786877586474718,
        0.2786877586474718
      ],
      [
        0.2786877586474718,
        0.2786877586474718
      ],
      [
        0.2786877586474718,
        0.2786877586474718
      ],
      [
        0.2786877586474718,
        0.2786877586474718
      ],
      [
        0.2786877586474718,
        0.2786877586474718
      ],
      [
        0.2786877586474718,
        0.2786877586474718
      ],
      [
        0.2786877586474718,
        0.2786877586474718
      ],
      [
        0.2786877586474718,
        0.2786877586474718
      ],
      [
        0.2786877586474718,
        0.2786877586474718
      ],
      [
        0.2786877586474718,
        0.2786877586474718
      ],
      [
        0.2786877586474718,
        0.2786877586474718
      ]
    ],
    "offsets": [
      [
        -0.11944720787504955
      ],
      [
        -0.6429899460436604
      ],
      [
        -1.159514657441255
      ],
      [
        -0.6429899460436703
      ],
      [
        -0.11944720787504837
      ],
      [
        -0.3264593479212789
      ],
      [
        -1.1672285212846243
      ],
      [
        -1.3909766940661779
      ],
      [
        -1.1672285212846125
      ],
      [
        -0.32645934792128867
      ],
      [
        8.706050851896256e-17
      ],
      [
        2.0409879786959496e-16
      ],
      [
        3.0397664958096263e-17
      ],
      [
        8.802012998174418e-17
      ],
      [
        3.3262771431345875e-17
      ],
      [
        0.3264593479213015
      ],
      [
        1.1672285212846218
      ],
      [
        1.3909766940661872
      ],
      [
        1.1672285212846165
      ],
      [
        0.32645934792129716
      ],
      [
        0.11944720787504967
      ],
      [
        0.6429899460436791
      ],
      [
        1.1595146574412984
      ],
      [
        0.6429899460436838
      ],
      [
        0.11944720787505286
      ]
    ],
    "slopes": [
      [
        -0.027856844628850384,
        -0.03268146534789108
      ],
      [
        -0.23882177402010604,
        -0.12990989374056738
      ],
      [
        -0.5381800286548242,
        -4.2581586460427023e-17
      ],
      [
        -0.23882177402011168,
        0.12990989374056783
      ],
      [
        -0.027856844628849374,
        0.032681465347891334
      ],
      [
        -0.03227751257427518,
        -0.1399334031477413
      ],
      [
        -0.27672096092180704,
        -0.5562398546138864
      ],
      [
        -0.6235850784097818,
        2.721536413242248e-16
      ],
      [
        -0.276720960921805,
        0.5562398546138773
      ],
      [
        -0.032277512574275545,
        0.13993340314774602
      ],
      [
        0.09496164635134208,
        6.593469394480887e-17
      ],
      [
        0.814123392209687,
        7.532341299950966e-17
      ],
      [
        1.8346105682603535,
        -8.26254999032818e-17
      ],
      [
        0.8141233922096875,
        -1.033101474013785e-16
      ],
      [
        0.09496164635134208,
        -3.458910161633478e-17
      ],
      [
        -0.03227751257427605,
        0.13993340314775285
      ],
      [
        -0.27672096092180365,
        0.5562398546138875
      ],
      [
        -0.623585078409791,
        -3.704740683885767e-16
      ],
      [
        -0.27672096092180315,
        -0.5562398546138828
      ],
      [
        -0.03227751257427536,
        -0.13993340314775068
      ],
      [
        -0.027856844628851327,
        0.032681465347890216
      ],
      [
        -0.23882177402011667,
        0.12990989374056777
      ],
      [
        -0.5381800286548482,
        -1.6689556829549524e-16
      ],
      [
        -0.23882177402011853,
        -0.12990989374056813
      ],
      [
        -0.027856844628850883,
        -0.032681465347892284
      ]
    ]
  },
  "_dim_input": 2,
  "_selected_param_names": null
}