{
  "class": "FunctionApproximatorRBFN",
  "_meta_params": {
    "n_basis_functions_per_dim": [
      5,
      5
    ],
    "intersection_height": 0.7,
    "regularization": 0.0
  },
  "_model_params": {
    "centers": [
      [
        -2.0,
        -2.0
      ],
      [
        -2.0,
        -1.0
      ],
      [
        -2.0,
        0.0
      ],
      [
        -2.0,
        1.0
      ],
      [
        -2.0,
        2.0
      ],
      [
        -1.0,
        -2.0
      ],
      [
        -1.0,
        -1.0
      ],
      [
        -1.0,
        0.0
      ],
      [
        -1.0,
        1.0
      ],
      [
        -1.0,
        2.0
      ],
      [
        0.0,
        -2.0
      ],
      [
        0.0,
        -1.0
      ],
      [
        0.0,
        0.0
      ],
      [
        0.0,
        1.0
      ],
      [
        0.0,
        2.0
      ],
      [
        1.0,
        -2.0
      ],
      [
        1.0,
        -1.0
      ],
      [
        1.0,
        0.0
      ],
      [
        1.0,
        1.0
      ],
      [
        1.0,
        2.0
      ],
      [
        2.0,
        -2.0
      ],
      [
        2.0,
        -1.0
      ],
      [
        2.0,
        0.0
      ],
      [
        2.0,
        1.0
      ],
      [
        2.0,
        2.0
      ]
    ],
    "widths": [
      [
        0.5919959091979784,
        0.5919959091979784
      ],
      [
        0.5919959091979784,
        0.5919959091979784
      ],
      [
        0.5919959091979784,
        0.5919959091979784
      ],
      [
        0.5919959091979784,
        0.5919959091979784
      ],
      [
        0.5919959091979784,
        0.5919959091979784
      ],
      [
        0.5919959091979784,
        0.5919959091979784
      ],
      [
        0.5919959091979784,
        0.5919959091979784
      ],
      [
        0.5919959091979784,
        0.5919959091979784
      ],
      [
        0.5919959091979784,
        0.5919959091979784
      ],
      [
        0.5919959091979784,
        0.5919959091979784
      ],
      [
        0.5919959091979784,
        0.5919959091979784
      ],
      [
        0.5919959091979784,
        0.5919959091979784
      ],
      [
        0.5919959091979784,
        0.5919959091979784
      ],
      [
        0.5919959091979784,
        0.5919959091979784
      ],
      [
        0.5919959091979784,
        0.5919959091979784
      ],
      [
        0.5919959091979784,
        0.5919959091979784
      ],
      [
        0.5919959091979784,
        0.5919959091979784
      ],
      [
        0.5919959091979784,
        0.5919959091979784
      ],
      [
        0.5919959091979784,
        0.5919959091979784
      ],
      [
        0.5919959091979784,
        0.5919959091979784
      ],
      [
        0.5919959091979784,
        0.5919959091979784
      ],
      [
        0.5919959091979784,
        0.5919959091979784
      ],
      [
        0.5919959091979784,
        0.5919959091979784
      ],
      [
        0.5919959091979784,
        0.5919959091979784
      ],
      [
        0.5919959091979784,
        0.5919959091979784
      ]
    ],
    "weights": [
      [
        -0.00871524908341921
      ],
      [
        0.04377905181271842
      ],
      [
        0.28801313437837006
      ],
      [
        0.043779051812720265
      ],
      [
        -0.008715249083420631
      ],
      [
        0.03129656956206024
      ],
      [
        -0.15721112813911886
      ],
      [
        -1.0342588041469125
      ],
      [
        -0.15721112813912153
      ],
      [
        0.031296569562062324
      ],
      [
        -2.706710723610062e-16
      ],
      [
        8.97190850258911e-16
      ],
      [
        -3.588987017733719e-15
      ],
      [
        2.5552205750595247e-15
      ],
      [
        -1.292911090688964e-15
      ],
      [
        -0.031296569562060325
      ],
      [
        0.15721112813911883
      ],
      [
        1.0342588041469185
      ],
      [
        0.15721112813911692
      ],
      [
        -0.031296569562058944
      ],
      [
        0.008715249083419753
      ],
      [
        -0.04377905181271881
      ],
      [
        -0.2880131343783737
      ],
      [
        -0.04377905181271743
      ],
      [
        0.008715249083418738
      ]
    ]
  },
  "_dim_input": 2,
  "_selected_param_names": null
}