{
  "class": "FunctionApproximatorRBFN",
  "_meta_params": {
    "n_basis_functions_per_dim": [
      9
    ],
    "intersection_height": 0.7,
    "regularization": 0.0
  },
  "_model_params": {
    "centers": [
      [
        0.0
      ],
      [
        0.25
      ],
      [
        0.5
      ],
      [
        0.75
      ],
      [
        1.0
      ],
      [
        1.25
      ],
      [
        1.5
      ],
      [
        1.75
      ],
      [
        2.0
      ]
    ],
    "widths": [
      [
        0.1479989772994946
      ],
      [
        0.1479989772994946
      ],
      [
        0.1479989772994946
      ],
      [
        0.1479989772994946
      ],
      [
        0.1479989772994946
      ],
      [
        0.1479989772994946
      ],
      [
        0.1479989772994946
      ],
      [
        0.1479989772994946
      ],
      [
        0.1479989772994946
      ]
    ],
    "weights": [
      [
        -0.05108475230764353
      ],
      [
        0.15002882458853212
      ],
      [
        0.6097646638801795
      ],
      [
        0.9488052913415131
      ],
      [
        0.7872555058820804
      ],
      [
        -0.012657804050568983
      ],
      [
        -0.6731571587605607
      ],
      [
        -0.022746382226426887
      ],
      [
        0.45184273514923123
      ]
    ]
  },
  "_dim_input": 1,
  "_selected_param_names": null
}